1;;ABBA, FATHER;72
1;;AMAZING GRACE (MY CHAINS ARE GONE);34
1;;AMAZING LOVE (YOU ARE MY KING);33
1;;AND THAT MY SOUL KNOWS VERY WELL;57
1;;AS THE DEER;50
1;;AT THE CROSS;62
1;;BEFORE THE THRONE OF GOD ABOVE;54
1;;BE UNTO YOUR NAME;49
1;;BIND US TOGETHER;38
1;;BLESSED ASSURANCE;35
1;;BLESSED BE YOUR NAME;2
1;;BROKEN VESSELS;66
1;;CHANGE MY HEART O GOD;39
1;;COME, NOW IS THE TIME TO WORSHIP;5
1;;COME THOU FOUNT;61
1;;DAYS OF ELIJAH;30
1;;EAGLES WINGS;76
1;;FOREVER;73
1;;FROM THE INSIDE OUT;3
1;;GREAT IN POWER;10
1;;HARK, THE HERALD ANGELS SING;70
1;;HE IS EXALTED;44
1;;HERE I AM TO WORSHIP;6
1;;HE REIGNS;13
1;;HOLY AND ANOINTED ONE;45
1;;HOSANNA;58
1;;HOW DEEP THE FATHER\27S LOVE FOR US;12
1;;HOW GREAT IS OUR GOD;17
1;;I HAVE DECIDED;16
1;;IN CHRIST ALONE;28
1;;INDESCRIBABLE;18
1;;I STAND FOR YOU;20
1;;I SURRENDER ALL;7
1;;JESUS, ALL FOR JESUS;29
1;;JESUS, LOVER OF MY SOUL;32
1;;JOY TO THE WORLD;71
1;;KING OF LOVE;42
1;;LAMB OF GOD;53
1;;LET US ADORE HIM;56
1;;LORD, I LIFT YOUR NAME ON HIGH;55
1;;LORD, YOU HAVE MY HEART;37
1;;MIGHTY TO SAVE;14
1;;OCEANS;25
1;;O COME, ALL YE FAITHFUL;68
1;;O LORD YOU\27RE BEAUTIFUL;22
1;;ONCE AGAIN;46
1;;O PRAISE THE NAME;67
1;;REFINER\27S FIRE;48
1;;SALVATION BELONGS TO OUR GOD;43
1;;SANCTUARY;23
1;;SAVIOR KING;15
1;;SHINE JESUS SHINE;21
1;;SHOUT TO THE LORD;75
1;;SHOUT TO THE NORTH;47
1;;SILENT NIGHT;69
1;;SOMETHING BEAUTIFUL;74
1;;SOON;64
1;;STILL;4
1;;STRONGER;24
1;;THANK YOU;65
1;;THANK YOU JESUS;26
1;;THE BATTLE BELONGS TO THE LORD / AWESOME GOD;52
1;;THE CREED (THIS I BELIEVE);31
1;;THE HEART OF WORSHIP;60
1;;THERE IS A REDEEMER;51
1;;THE WONDERFUL CROSS;8
1;;THE WONDER OF THE CROSS;59
1;;THIS IS MY DESIRE;9
1;;THIS IS OUR GOD;63
1;;THY WORD;40
1;;TURN YOUR EYES UPON JESUS;27
1;;WHO CAN KNOW? (I STAND IN AWE);19
1;;YOU ARE MY ALL IN ALL;41
1;;YOU ARE MY WORLD;11
